trade_id,symbol,direction,leverage,entry_ts,exit_ts,hold_hours,status,entry_price,exit_price,exit_reason,realized_pnl_usd,realized_pnl_pct,entry_fee,exit_fee,total_fee,ai_score,ai_pattern,ai_probability,ai_rr,ai_sl,ai_tp,sl_distance_pct,tp_distance_pct,sl_atr_multiplier,entry_price_cycle,rsi_1h,adx_1h,plus_di_1h,minus_di_1h,atr_pct_1h,bb_width_1h,volume_ratio_1h,macd_hist_1h,candle_patterns,divergence,rsi_1d,adx_1d,macd_dir_1d,macd_accel_1d,ema_aligned_1d,px_vs_ema20_1d,rsi_4h,adx_4h,macd_dir_4h,macd_accel_4h,ema_aligned_4h,px_vs_ema20_4h,rsi_15m,adx_15m,macd_dir_15m,macd_accel_15m,ema_aligned_15m,px_vs_ema20_15m,funding_rate_pct,open_interest,high_24h,low_24h,position_in_24h_range_pct,high_7d,low_7d,regime,regime_confidence,recheck_count,hold_count,modify_count,exit_count,bybit_actual_exit_price,bybit_actual_closed_pnl,bybit_actual_opening_fee,bybit_actual_closing_fee,bybit_actual_funding_fee,bybit_actual_total_fee,bybit_open_volume,bybit_closed_volume,bybit_result,pnl_discrepancy_usd,price_discrepancy_pct,ai_market_story,ai_reasoning,ai_next_recheck_h,cycle_log_file
3,BTCUSDT,SHORT,5,2026-05-07T22:49:07.938308,2026-05-08T17:44:35.357180,18.92,CLOSED,80381.4,79859.9,STOP_LOSS,11.860973529999999,2.63,1.237874,1.22984246,2.46771646,8,distribution_top_mtf,medium,2.65,81150.0,78500.0,0.956,2.341,1.96,80445.8,32.1,24.9,15.3,32.6,0.489,1.38,1.81,-57.6329,STRONG_BEARISH_CANDLE|BEARISH_ENGULFING,NONE,66.0,44.7,bullish,N,Y,above,41.5,34.7,bearish,Y,Y,below,24.1,34.2,bearish,Y,N,below,0.0052,52285.948,81940.9,80426.7,1.5,82811.0,76035.6,LOW_VOL,8,6,0,6,0,79859.9,12.4055,1.23787356,1.22984246,-0.2714,2.467716,2250.67,2236.07,Win,0.5445,0.0,"일봉(1D)은 여전히 강세장(ADX 44.7)을 가리키고 있으나, 4H 프레임에서 MACD가 하락 가속(-199.85)하며 단기 추세 약화 시그널을 보냈습니다. 이어 1H 프레임에서 평소 대비 1.8배의 높은 거래량을 동반한 강한 장악형 음봉(Bearish Engulfing)이 출현하며 가격이 볼린저 밴드 하단을 강하게 이탈했습니다. 이는 전형적인 다중 시간대 분기(MTF)에 따른 단기 고점 형성 및 하락 전환 패턴입니다.","1D 강세장 속에서 4H/1H 단기 지표가 명확한 하락으로 전환되는 'Distribution Top' 패턴이 확인되었습니다. 1H 캔들이 24시간 최저점(80426.7)을 위협하며 거래량(1.8배)을 동반한 강한 매도세를 보였고, 펀딩비가 양수(0.005%)인 상태에서 가격이 하락하여 롱 포지션의 스퀴즈 물량이 단기 하락 모멘텀을 더해줄 수 있는 구조입니다.",1.0,224908-978_analysis_BTCUSDT_TRADE_SHORT.json
4,BTCUSDT,SHORT,5,2026-05-08T22:49:41.026667,2026-05-08T23:18:22.197489,0.48,CLOSED,79612.1,80150.3,STOP_LOSS,-18.15821029,-3.93,1.269813,1.27839729,2.54821029,7,distribution_top_mtf,medium,2.5,80150.0,77700.0,0.676,2.402,1.41,79608.0,38.9,31.5,18.9,25.7,0.479,1.19,2.29,73.8304,,NONE,58.2,40.2,bullish,N,Y,above,38.9,25.5,bearish,N,Y,below,30.2,37.4,bearish,Y,Y,below,0.0015,53138.065,80660.1,79120.0,31.7,82811.0,77703.0,LOW_VOL,8,0,0,0,0,80150.3,-18.156,1.269813,1.27839729,0.0,2.54821,2308.75,2324.35,Loss,0.0022,0.0,"일봉(1D)은 여전히 강세장(RSI 58.2)을 가리키고 있으나, 4시간(4H) 및 1시간(1H) 차트에서는 뚜렷한 다중 시간대(MTF) 약세 전환이 진행 중입니다. 특히 최근 1시간 봉에서 평균 대비 2.28배의 강한 거래량을 동반한 하락 장대음봉(Open 79992 -> Close 79607)이 출현하며 단기 이동평균선(EMA 20, 50, 120)을 모두 하향 이탈했습니다.","1D의 후행성 강세 지표에도 불구하고, 4H MACD가 강한 음수(-277.9)를 기록하고 1H 차트에서 -DI(25.6)가 +DI(18.8)를 상회하며 하락 모멘텀이 확인되었습니다. 1H 거래량 급증(2.28x)을 동반한 매도세는 'Distribution Top' 패턴의 명확한 신호로 판단되어 숏 진입을 실행합니다.",4.0,224942-073_analysis_BTCUSDT_TRADE_SHORT.json
5,XRPUSDT,LONG,5,2026-05-09T08:12:20.747280,2026-05-09T12:12:56.152060,4.01,CLOSED,1.4168,1.43,STOP_LOSS,18.316525629999997,4.07,1.238992,1.250448,2.48944,8,trend_continuation,high,2.06,1.395,1.46,1.539,3.049,2.52,1.4162,65.7,41.7,34.5,13.1,0.611,4.15,0.09,0.0034,STRONG_BEARISH_CANDLE,NONE,56.4,18.7,bullish,N,N,above,62.3,34.8,bullish,N,Y,above,47.9,21.8,bearish,Y,Y,above,0.0095,171339456.6,1.43,1.38,72.4,1.46,1.38,BULLISH,9,1,0,1,0,1.4299,18.1555,1.23899161,1.25044755,0.184,2.489439,2252.71,2273.54,Win,-0.161,-0.007,"1H 및 4H 타임프레임에서 EMA가 완벽한 정배열을 이루고 있으며, 1H ADX가 41.7로 강한 상승 추세를 나타내고 있습니다. 가격은 24시간 최고점(1.43) 하단인 1.41-1.42 구간에서 안정적으로 횡보 중이며, 최근 1시간 음봉의 거래량 비율이 0.09로 극히 낮아 매도 압력이 고갈된 전형적인 상승 채널 내 눌림목 형태를 보이고 있습니다.","4H와 1H 타임프레임의 강력한 강세 동기화와 높은 ADX 수치는 추세의 지속성을 명확히 지지합니다. 매도 거래량이 급감한 단기 횡보는 상승 돌파를 위한 에너지를 응축하는 과정으로 판단되며, 1H EMA50 하단을 손절선으로 설정 시 손익비 2.0 이상의 타점이 확보되므로 LONG 진입을 결정합니다.",2.0,081221-768_analysis_XRPUSDT_TRADE_LONG.json
6,BTCUSDT,LONG,5,2026-05-09T20:27:01.049276,2026-05-11T03:36:50.137536,31.16,CLOSED,80296.6,81286.5,STOP_LOSS,26.04964746,5.59,1.280731,1.29651968,2.57725068,7,trend_continuation,medium,2.05,79850.0,81500.0,0.556,1.499,2.23,80302.6,55.8,21.2,20.0,14.7,0.249,0.72,0.25,4.643,,NONE,63.7,39.2,bullish,N,Y,above,50.4,22.8,bearish,N,Y,above,57.6,21.7,bullish,Y,Y,above,-0.0005,51815.45,80641.4,79505.0,70.2,82811.0,78025.0,LOW_VOL,8,11,6,5,0,81286.5,26.0467,1.28073077,1.29651968,0.0831,2.57725,2328.6,2357.3,Win,-0.0029,0.0,"1D 일봉 기준 상승 추세가 유지되는 가운데, 1H 차트에서 가격이 주요 EMA(20, 50, 120, 200) 위에서 지지받으며 횡보 중입니다. 1H ATR이 0.249%, 볼린저 밴드 폭이 0.71%로 변동성이 극도로 축소(Compression)되었고, 거래량은 20일 평균 대비 0.24배 수준으로 급감했습니다. 흥미로운 점은 펀딩비가 음수(-0.00053%)로 숏 우위 심리를 보임에도 가격이 하락하지 않고 고점 부근(24h Range 70.2%)에서 버티고 있다는 사실입니다.","다중 시간대(1D, 4H) 구조가 상승을 지지하는 가운데, 1H 차트의 극단적인 저변동성 수렴은 곧 추세 방향으로의 발산(Breakout)을 예고합니다. 아직 거래량이 터진 돌파는 확인되지 않았으나, 주요 이평선 지지를 근거로 진입 시 손익비가 우수하며, 음수 펀딩비 상태에서의 가격 방어는 상방 돌파 시 숏 스퀴즈를 유발할 수 있는 유리한 조건이므로 LONG 진입을 실행합니다.",2.0,202702-172_analysis_BTCUSDT_TRADE_LONG.json
7,BTCUSDT,LONG,5,2026-05-11T04:37:55.967481,2026-05-11T05:44:15.697345,1.11,CLOSED,81396.9,80836.95666666665,STOP_LOSS,-19.476858800000002,-3.99,1.343049,1.3338098,2.6768587999999998,8,trend_continuation,high,2.4,80850.0,83000.0,0.672,1.969,2.22,81393.8,70.4,48.7,22.1,7.7,0.303,1.38,0.71,45.5349,,NONE,70.1,40.2,bullish,Y,Y,above,72.8,47.0,bullish,Y,Y,above,59.4,28.4,bearish,N,Y,above,0.0036,52414.928,81552.7,80523.8,84.6,82811.0,78170.4,LOW_VOL,8,0,0,0,0,80836.95,-19.4751,1.34304885,1.3338098,0.0,2.676859,2441.9,2425.1,Loss,0.0018,-0.0,"1D, 4H, 1H 모든 타임프레임에서 EMA 정배열 및 강력한 상승 추세(1H ADX 48.6, 4H ADX 47.0)가 확고하게 유지되고 있습니다. 가격은 1H EMA 20(80982) 위에서 견고하게 지지받으며 24시간 고점(81552) 부근인 84.6% 퍼센타일에 위치해 있습니다. 직전 1시간 캔들이 아래꼬리를 달고 양봉으로 마감하여 매수세가 여전히 유효함을 보여줍니다.","다중 타임프레임(MTF)에서 명확한 강세장(Bullish)이 확인되며, ADX 수치가 추세의 강력함을 증명합니다. 15분봉의 단기 조정(MACD 음수)에도 불구하고 1시간봉에서 가격 방어가 이루어지고 있어, 추세 지속(Trend continuation)을 기대한 눌림목 매수가 합리적입니다.",1.0,043757-035_analysis_BTCUSDT_TRADE_LONG.json
8,XRPUSDT,LONG,5,2026-05-11T06:46:22.499294,2026-05-11T12:37:01.219724,5.84,CLOSED,1.46288106,1.4398,STOP_LOSS,-38.83819732,-8.21,1.300209,0.0,1.300209,8,trend_continuation,high,1.94,1.438,1.51,1.701,3.221,1.4,1.4609,54.1,40.9,28.2,27.8,1.212,7.58,0.94,0.003,,NONE,69.4,22.2,bullish,Y,N,above,65.4,39.2,bullish,Y,Y,above,41.7,45.1,bearish,N,Y,below,0.01,167159886.8,1.51,1.41,50.9,1.51,1.38,BULLISH,9,1,1,0,0,1.4395,-40.4442,1.30020881,1.27951419,0.2379,2.579723,2364.01,2326.38,Loss,-1.606,-0.0208,"1D, 4H, 1H 타임프레임 모두에서 상승 추세가 확인됩니다. 4H와 1H는 EMA 정배열 상태를 유지 중이며, 최근 1.51 달성 후 발생한 조정 구간에서 1H EMA20(1.447)의 지지를 받고 1.4609로 반등했습니다. 1H RSI는 95 극단적 과열에서 48까지 식은 후 54로 재차 상승 전환하여 건전한 눌림목을 형성하고 있습니다.","MTF(다중 타임프레임) 상승 추세가 일치하고 1H MACD가 양수로 전환되며 단기 모멘텀이 회복되었습니다. 직전 1H 캔들이 아래꼬리(0.32)를 달며 매수세를 증명했고, 1.51 전고점 탈환을 목표로 할 때 수수료 차감 후에도 약 1.9 이상의 유효한 손익비(R:R)가 산출되어 진입을 지지합니다.",4.0,064623-552_analysis_XRPUSDT_TRADE_LONG.json
NOISE,BTCUSDT,SHORT,5,2026-05-11T12:38:56 (DB 삭제됨),2026-05-11T14:31:42,1.88,"DELETED (ΔΩ 강제 청산, 노이즈 처리)",80585.5,80911.1,FORCED_CLOSE_NOISE,(DB 삭제),,,,,7,distribution_top_mtf,medium,1.69,81250.0,79200.0,0.825,1.719,1.11,,35.5,30.3,20.5,36.5,0.745,2.19,1.41,,STRONG_BEARISH_CANDLE,BEARISH,57.1,42.5,bullish,N,,,43.8,56.4,bullish,N,,,15.6,46.0,bearish,Y,,,0.0077,,,,12.7,,,,,,,,,80911.1,-11.1894,1.19669468,1.20152984,0.0,2.398225,,,Loss (Noise),,,"최근 82.4K 고점 형성 후 하락 다이버전스(가격 상승, RSI 하락)가 발생했으며, 현재 1시간봉에서 강한 매도세(거래량 비율 1.41배, 몸통 95.9% 음봉)가 출현하며 단기 주요 이평선(EMA 20, 50, 120)을 모두 하향 이탈했습니다. 일봉은 여전히 상승 추세이나, 4시간봉 가격이 EMA20 아래로 꺾이며 중단기 추세가 강세에서 약세로 전환되는 분배(Distribution) 단계가 진행 중인 것으로 판단됩니다.","1시간봉 기준 명확한 하락 모멘텀(ADX 30.2, -DI > +DI, MACD 음전환)과 거래량을 동반한 장대음봉이 확인되어 매도 우위가 뚜렷합니다. 15분봉 과매도(RSI 15.6)로 인한 단기 반등 리스크가 존재하나, 고점 다이버전스 이후의 구조적 단기 추세 붕괴라는 점에서 숏 진입 요건을 충족합니다.",,123857-545_analysis_BTCUSDT_TRADE_SHORT.json (NOISE)
10,XRPUSDT,LONG,4,2026-05-11T19:20:41.971801,2026-05-12T02:01:20.255590,6.68,CLOSED,1.4526,1.4692,STOP_LOSS,18.59689802,4.36,0.938743,0.0,0.938743,7,trend_continuation,medium,1.94,1.432,1.51,1.418,3.952,1.56,1.4521,49.6,22.4,16.1,23.4,0.907,4.47,0.23,-0.0027,HAMMER,NONE,62.4,26.2,bullish,Y,Y,above,58.5,49.1,bullish,N,Y,above,58.2,26.6,bullish,Y,N,above,0.0054,178278717.8,1.51,1.42,35.7,1.51,1.38,SIDEWAYS,4,2,2,0,0,1.4695,17.9947,0.93874275,0.94966439,-0.0257,1.888407,1706.8,1726.66,Win,-0.6022,0.0204,"1D 및 4H 프레임의 강세 추세가 지속되는 가운데, 1H 프레임은 EMA 정배열(20>50>120>200)을 뚜렷하게 유지하고 있습니다. 현재 가격(1.4521)은 단기 상승 후 1H EMA 20(1.4512) 부근까지 조정을 받은 상태이며, 최근 캔들에서 거래량이 SMA20 대비 22% 수준으로 급감한 가운데 하단 꼬리가 긴 해머(Hammer) 패턴이 발생하여 해당 레벨에서의 방어력을 보여주고 있습니다.","상위 타임프레임의 확고한 상승 추세 속에서 나타난 전형적인 저거래량 눌림목입니다. 1H MACD와 DMI가 단기적인 하락 모멘텀을 가리키고 있으나 이는 조정 국면의 자연스러운 현상이며, 주요 지지선(EMA 20)에서의 매도세 고갈(거래량 급감 및 꼬리 달린 캔들)은 추세 지속을 위한 롱 진입을 사실적으로 지지합니다.",2.0,192042-992_analysis_XRPUSDT_TRADE_LONG.json
11,XRPUSDT,LONG,5,2026-05-12T03:02:29.757494,,,ACTIVE,1.4789,,,,,1.216839,0.0,0.0,8,bull_flag,high,2.02,1.456,1.53,1.548,3.455,2.04,1.4789,66.0,30.9,25.7,12.2,0.758,3.32,0.01,0.0019,,NONE,72.9,26.2,bullish,Y,Y,above,67.0,56.4,bullish,Y,Y,above,59.4,19.1,bearish,N,Y,above,0.01,184325581.4,1.49,1.44,77.8,1.51,1.38,BULLISH,8,3,3,0,0,,,,,,,,,,,,"1D, 4H, 1H 모든 타임프레임에서 EMA 20/50 정배열 및 MACD 강세가 유지되는 강력한 상승장(STRONG_BULLISH)입니다. 특히 4H ADX가 56.4로 추세 강도가 매우 높으며, 최근 1H 캔들에서 거래량 급증(SMA20 대비 2.07배)과 함께 1.48대까지 상승한 후 현재 24시간 고점(1.49) 직전에서 조정을 받으며 에너지를 응축하고 있습니다.","다중 타임프레임 강세 정합이 완벽하며, 강한 상승 이후 거래량이 감소하며 고점 부근에서 횡보하는 전형적인 상승 깃발형(Bull Flag) 패턴입니다. 1H RSI가 78.2에서 66.0으로 과매수권을 해소하여 추가 상승 여력이 충분하므로 추세 지속을 예상한 LONG 진입이 합리적입니다.",1.0,030230-775_analysis_XRPUSDT_TRADE_LONG.json
